<?xml version="1.0" encoding="UTF-8"?>
<metadata xml:lang="zh"><Esri><CreaDate>20240804</CreaDate><CreaTime>15450600</CreaTime><ArcGISFormat>1.0</ArcGISFormat><SyncOnce>TRUE</SyncOnce><DataProperties><lineage><Process ToolSource="c:\program files\arcgis\pro\Resources\ArcToolbox\toolboxes\Data Management Tools.tbx\CreateFeatureclass" Date="20240804" Time="154506">CreateFeatureclass data\subdistrict_level GeneratedPoints_nni_1_density_10.shp 点 # 不支持 不支持 "GEOGCS["GCS_WGS_1984",DATUM["D_WGS_1984",SPHEROID["WGS_1984",6378137.0,298.257223563]],PRIMEM["Greenwich",0.0],UNIT["Degree",0.0174532925199433]];-400 -400 11258999068426.2;-100000 10000;-100000 10000;8.98315284119521E-09;0.001;0.001;IsHighPrecision" # 0 0 0 #</Process><Process ToolSource="c:\program files\arcgis\pro\Resources\ArcToolbox\toolboxes\Data Management Tools.tbx\AddField" Date="20240804" Time="154507">AddField data\subdistrict_level\GeneratedPoints_nni_1_density_10.shp Value "双精度型（64 位浮点型）" # # # # NULLABLE NON_REQUIRED #</Process></lineage></DataProperties></Esri></metadata>
